discount_bucket,policies,avg_discount,avg_margin,total_margin
High,305,15.0,4752.812960749277,1449607.9530285296
Low,771,5.0,5473.957701233366,4220421.387650925
Medium,615,10.0,5285.388384797149,3250513.856650247
No Discount,1309,0.0,5816.846217934838,7614251.6992767025
