discount_applied,policies,avg_premium,avg_margin,total_margin
No Discount,1309,14700.61115355233,5816.846217934838,7614251.6992767025
Discounted,1691,13202.871082199881,5275.306444310882,8920543.197329702
